id,email,name,address
1,gkunze@ortiz.com,Paolo Howell DVM,Hic aut sint molestiae id iure. Consequatur voluptatem consequuntur omnis at ipsam ut eos quibusdam. Eum vel amet quam.
2,roosevelt66@hegmann.com,Prof. Seth Yost,Quia iste molestias esse cumque soluta maxime maxime. Quae aperiam deleniti ut totam ut ut. Delectus eius vero impedit perferendis quia. Nihil quia dolores recusandae velit tenetur.
3,mann.angus@gmail.com,Miss Myrtle Bradtke,Molestiae veniam facilis quas eveniet quod. Consequatur minus magnam quis est non aut dolores sit. Aut dolor porro eveniet nostrum.
4,kreiger.maia@gmail.com,Diamond Volkman,Libero sunt nisi dolorem est. Quidem qui sit et quia illum sit aut. Quisquam soluta qui illum eum error.
5,marion59@gmail.com,Rafael Lowe,Tempora culpa saepe quaerat consequuntur ipsa est. Earum et qui ut sit eaque eum quaerat pariatur. Dolor repellendus ea ut nobis odio et.
6,ignatius.predovic@nicolas.net,Josue Lemke,Earum nesciunt enim aut. Nostrum animi officiis explicabo aut corporis necessitatibus. Eligendi dolor ea consequatur.
7,derrick39@hotmail.com,Dr. Joana McDermott III,Blanditiis ducimus voluptas beatae sint. Nam sunt quo et rerum. Similique non voluptas accusamus sit excepturi vel magnam. Non omnis dolor porro molestiae unde doloribus.
8,boyle.elva@hotmail.com,Dr. Clair Hills III,Ullam rerum non dolor illum non assumenda. Sed explicabo fugit neque velit. Veniam fugiat quibusdam distinctio consequatur fugiat a dolores. Et temporibus quod error et ut aut odit dignissimos.
9,ervin82@gmail.com,Kacie Green,Totam necessitatibus in eaque provident. Porro odit animi explicabo molestiae reiciendis ea possimus a. Quia ipsum deleniti doloremque velit.
10,mayer.theresa@yahoo.com,Lenore Stroman,Et omnis praesentium deserunt corrupti doloremque aut. Maiores itaque ut tenetur recusandae consequatur. Ipsum minima libero molestiae at excepturi eos. Iste sint veniam magni odit ex beatae atque.